{
"min_flux": 1616.69,
"bin_size_x": 0.00439823,
"power_per_ray": 7.1102,
"bin_size_y": 3.9998,
"peak_flux": 75175.9,
"ave_flux": 38753,
"sigma_flux": 20689.4,
"uniformity": 0.533878,
"radius": 0.035,
"num_rays": 71912,
"centroid": [0.000239108,0.0454766,0.0225234],
"xvalues": [-0.107757,-0.103358,-0.0989602,-0.0945619,-0.0901637,-0.0857655,-0.0813672,-0.076969,-0.0725708,-0.0681726,-0.0637743,-0.0593761,-0.0549779,-0.0505796,-0.0461814,-0.0417832,-0.037385,-0.0329867,-0.0285885,-0.0241903,-0.019792,-0.0153938,-0.0109956,-0.00659734,-0.00219911,0.00219911,0.00659734,0.0109956,0.0153938,0.019792,0.0241903,0.0285885,0.0329867,0.037385,0.0417832,0.0461814,0.0505796,0.0549779,0.0593761,0.0637743,0.0681726,0.0725708,0.076969,0.0813672,0.0857655,0.0901637,0.0945619,0.0989602,0.103358,0.107757],
"yvalues": [27.999,23.9992,19.9994,15.9996,11.9998,7.99996,4.00016,0.000358205,-3.99944,-7.99925,-11.999,-15.9989,-19.9987,-23.9985,-27.9983],
"flux": [[15,6,8,13,14,12,11,17,15,11,14,6,11,11,7],[17,27,17,16,22,13,19,20,15,14,15,18,17,19,20],[14,14,7,18,17,16,13,17,15,18,17,15,15,13,17],[17,17,13,10,25,11,11,11,16,14,23,6,12,6,5],[15,25,21,17,15,18,15,20,16,21,20,17,25,14,16],[25,21,23,44,29,40,34,27,29,32,35,37,34,35,21],[78,68,86,62,82,74,64,80,73,68,63,67,82,61,82],[96,64,79,84,82,78,92,82,89,93,84,89,81,77,84],[84,79,87,88,73,71,65,87,73,76,65,73,76,72,82],[76,73,95,83,76,98,73,113,80,69,106,100,110,101,91],[99,78,87,79,95,80,90,75,95,88,89,96,96,90,91],[93,102,84,75,81,92,99,91,84,89,85,87,84,85,98],[113,106,115,123,96,105,106,96,92,127,98,115,117,87,96],[126,125,98,102,114,112,135,126,112,95,119,97,95,120,127],[115,101,123,114,125,106,114,103,117,107,107,99,122,112,116],[107,127,123,131,123,129,143,108,134,127,105,119,147,115,153],[144,144,137,121,132,118,122,133,147,127,140,131,132,129,153],[163,143,130,132,146,125,139,160,130,128,140,133,130,148,134],[124,134,142,140,130,135,142,137,129,126,153,145,138,137,122],[142,129,129,167,148,146,152,133,131,156,159,153,146,146,158],[154,154,172,151,168,165,153,153,172,128,171,165,157,138,155],[147,165,126,161,148,145,171,134,154,140,152,147,146,132,139],[167,146,138,127,166,162,158,147,135,140,162,147,158,145,140],[165,141,138,140,186,165,150,130,155,166,145,150,151,132,169],[130,152,151,145,140,175,149,142,171,120,131,173,151,137,132],[156,140,125,167,149,160,147,166,139,160,148,152,152,150,145],[148,177,178,169,152,158,144,168,145,174,184,144,152,143,143],[144,150,148,140,134,152,143,152,155,156,158,155,178,169,152],[147,152,152,159,141,158,129,163,164,174,132,156,163,161,144],[153,155,154,176,137,129,148,133,158,154,162,158,149,161,159],[146,161,158,151,124,138,146,150,124,144,147,161,158,142,139],[150,147,132,124,148,138,140,151,128,134,163,149,142,148,150],[130,120,139,141,129,138,175,129,141,148,166,128,138,156,144],[149,141,139,150,149,129,120,148,126,133,128,121,142,145,149],[117,133,134,113,106,124,131,119,105,121,128,145,115,118,110],[127,106,104,92,126,108,144,101,118,111,127,115,124,114,122],[119,112,107,101,120,115,135,113,133,100,138,116,127,119,117],[102,114,106,104,100,103,102,116,116,107,117,118,112,116,123],[93,91,79,99,87,89,97,85,77,80,88,91,89,82,95],[112,92,80,105,92,88,83,88,90,101,90,94,78,80,97],[76,93,87,78,100,93,102,88,97,103,98,77,89,71,99],[83,82,90,84,84,75,83,99,102,88,74,96,76,76,80],[76,90,63,88,82,91,101,84,88,99,81,79,80,89,83],[80,81,81,73,64,71,85,88,80,77,74,63,89,66,69],[24,30,31,27,29,29,27,24,31,25,28,31,23,24,27],[16,18,20,22,15,16,18,15,16,12,16,16,18,19,22],[12,21,8,18,18,8,16,17,12,15,14,13,10,13,14],[25,16,21,18,16,21,11,15,12,15,13,19,21,24,21],[15,24,21,16,21,22,11,19,13,15,19,20,16,25,22],[4,7,12,8,12,11,16,11,13,14,11,13,16,10,17]]
}
